parsed_time,Vehicle speed (km/h),Calculated engine load value (%),Engine RPM (rpm),Instant engine power (based on fuel consumption) (hp),Intake manifold absolute pressure (psi),Calculated boost (psi),Relative throttle position (%),riding_event
28:44:00,1.792921167044065,50.9045082782645,2166.8607312280906,,15.680775311248471,1.7766203298793992,53.45751693232856,start
28:45:00,0.8697878534809034,43.044250474606855,2038.7195621348928,0.485606896,16.883527141200954,0.15472225447929278,47.54302685038789,cruise
28:46:00,3.35030423700546,63.203382401871536,2002.3543239354328,,17.96715343971235,2.7917343107464987,64.07363877426846,cruise
28:47:00,2.914849113858018,58.26061457505007,2030.3625570488016,0.395576843,17.24217101122871,1.0660142725424695,61.10100370688534,cruise
29:19:00,0.0,61.00805068093679,2097.527617781704,,15.295041522587123,0.7888176074364799,63.48055424990454,cruise
29:20:00,1.5104733061307123,77.77892199393413,2310.7667309897815,,14.503299481162378,0.9703793364280796,67.15317629838734,cruise
29:21:00,3.9673802667354967,53.803681980165486,1739.5783804769083,,15.067702601772238,-0.012940140694048974,64.17808558275775,cruise
29:25:00,1.651753697860134,73.41718808755624,2048.1923470675256,,13.775142183907235,0.11462291982057249,66.02766407443198,cruise
29:26:00,4.796235009396753,93.74174340682914,2301.514718611208,,17.220526800828658,1.517494935518245,74.02123913849731,cruise
29:27:00,7.084549133479422,59.72448317841935,2344.089038213679,0.474692212,17.050358232033627,0.9607153572816136,60.95305520554591,cruise
29:28:00,3.316248434402839,80.25932474652167,1830.580314202838,0.461506317,13.968710189237676,1.1630614066562033,73.31615817118431,cruise
29:29:00,2.4150973704056975,67.35573141087669,2233.937114034286,,14.88926613575888,0.09993778287259314,76.47638299183042,cruise
29:30:00,6.329640586066042,77.00320281525077,2379.3344487923014,0.461506317,15.197616752080304,0.20918394346809488,72.43168826704702,cruise
29:31:00,7.552285265115302,100.0,2554.4130358273856,,18.6637577637256,1.7070440527361193,83.06337317574828,cruise
29:32:00,4.451561798551481,79.09100094121771,2313.206868240267,0.501064001,20.16539090726436,2.6135273101672563,83.56537672265318,cruise
29:33:00,9.628733787558978,79.56902757542156,2394.3416357592628,,14.835137827634963,0.5476295002407288,73.05459190944275,cruise
29:34:00,6.828761976803014,82.09553218140354,2376.9378262755827,0.474692212,16.10664629157103,1.3959027739570145,71.34108372419684,cruise
29:35:00,10.09212369628035,78.99638544935037,2326.417407529913,,18.69055532213677,2.157760119785002,85.95008912352648,cruise
29:36:00,10.096244308561774,79.85611875608632,2491.4360728587326,0.685666528,15.839668001196092,2.0017636162091397,82.9893143381143,cruise
29:37:00,5.974517833003909,73.60910467539838,2175.0850239745255,1.147172845,17.424877826213383,1.776379141904449,65.79855014111838,cruise
29:38:00,11.747988400078585,56.377274704562204,2590.077687533248,,17.224637507789534,1.5182505207650614,75.76948565859627,cruise
29:39:00,13.626909648671518,96.8649848031521,2511.7155243138473,0.738410107,16.315983146929298,2.5406238972561055,78.48977029188138,cruise
29:40:00,11.770982953634197,100.0,2794.840299896498,,15.470555321924362,3.0554713846281705,100.0,cruise
29:41:00,15.59195549797856,82.3842620134558,2805.419581647332,1.094429266,17.265723893491735,3.3408370216847048,88.1740098617164,cruise
29:42:00,16.09437138603289,92.34805988190767,2603.3539246757105,,16.87958165595094,2.130303519984898,81.45632313919504,aggressive_cornering
29:43:00,15.662045897342413,66.94579646513822,2311.4101340185143,1.002128002,15.15515326461102,1.1691258208776418,80.20861410324225,cruise
29:44:00,11.900915857894663,87.41014822924463,2620.0034540381125,,17.01222403984446,0.6872839889922877,77.78897887608787,cruise
29:45:00,13.653454997305905,91.00914359119339,2440.1763785346257,1.424076635,18.392044460042076,1.861481526295487,83.29097850579454,aggressive_cornering
29:46:00,13.828975127627409,71.60060388382902,2513.750678630596,0.646108844,16.595215008118426,0.5457492587071568,74.43378279356399,aggressive_cornering
29:47:00,16.283470027827022,100.0,2470.579380827303,,18.05183804824707,2.342884898548753,98.66914941475684,aggressive_cornering
29:48:00,15.389624086074647,73.76624884116296,2264.1359210322325,1.384518951,15.193358928432843,1.0957502242176895,78.62504010773775,aggressive_cornering
29:49:00,14.83133662686119,88.91084373085552,2431.2231921061025,,15.229098847277783,0.9704092069835613,88.76536099135048,aggressive_cornering
29:50:00,17.515543632935493,98.71522840874066,2892.1987701688577,0.685666528,15.204549295398085,2.089749649560032,89.07100169950802,aggressive_cornering
29:51:00,20.24937490009055,100.0,2663.6646872594547,,15.241231608605545,1.8071584065977755,88.14196783262332,aggressive_cornering
29:52:00,18.01321404598738,91.96339823702232,2770.1703172959606,0.435134527,19.114085077191387,4.367530670067572,78.57981488073052,cruise
29:53:00,18.94855581900151,66.40787428809637,2789.9266234852466,,18.043966511016908,2.0374668735280235,73.29711217740768,cruise
29:54:00,22.284775231211846,80.09537935950111,3058.7135265360535,0.501064001,17.7893118992824,2.899940985506868,81.5672335009306,aggressive_cornering
29:55:00,23.250448666377054,74.10456868741576,2887.0168949190092,0.909826739,18.35296203282287,4.6368169646654955,78.98489683135469,aggressive_cornering
29:56:00,21.991104176053735,75.70662328370142,3130.3385203896505,,16.862886509886888,3.094132047026674,93.7074322256552,aggressive_cornering
29:57:00,21.894200829952382,67.8215372753268,2684.882554535534,1.450448424,15.143911265653363,0.09320035961089479,70.83839462337303,aggressive_cornering
29:58:00,21.877465244305125,87.50573213333551,2672.4186249758436,,19.660188323369937,3.721498509380871,82.02907507703641,aggressive_cornering
29:59:00,23.90170498647801,70.53437652690987,3254.9550294835726,1.476820214,18.271988837056206,2.4316298663147156,74.32632339755028,aggressive_cornering
30:00:00,21.191302424816545,66.7055484124556,2969.092499487834,,18.260313181404257,1.1667790176104773,63.25775529102853,aggressive_cornering
30:01:00,24.090111638579074,84.24435717271182,2945.1206102209576,1.859211162,19.71514740885921,2.0639190133201626,72.74427916858592,aggressive_cornering
30:02:00,25.058931515437767,79.2058065741094,2967.9578414821217,,15.910213261875533,0.4059491686332266,80.35261816024416,aggressive_cornering
30:03:00,22.998849323981187,89.76643547702128,3008.1637050813597,1.608679162,18.020442935661297,2.7045458662293305,67.30994864019587,aggressive_cornering
30:04:00,27.790188550289084,76.15347209022015,3131.540284379999,0.435134527,18.748555709736582,3.6515330686005565,86.97415931386459,aggressive_cornering
30:05:00,26.846082724999995,79.37786635142398,2969.5326767035563,,21.40612526326381,3.4581015763555483,70.17686631267514,aggressive_cornering
30:06:00,28.45979269249646,58.53457515989528,3099.936837692198,0.487878106,17.963080229846117,3.536035659333489,76.76918305378389,aggressive_cornering
30:07:00,28.079248244962862,73.05180499215902,3309.8728594857866,,15.291171533253047,1.7398860414879804,74.42648813179726,aggressive_cornering
30:08:00,29.75036433266198,44.56860867697986,3254.7591510024527,1.503192004,16.739967473645486,2.902527520446637,47.40526932339234,aggressive_cornering
30:09:00,28.135560160657317,64.20809062532994,3104.0688514866006,,17.23281754711002,3.4011710843697918,61.873280797584826,aggressive_cornering
30:10:00,34.66803088986917,66.51350106815546,3482.613038003345,1.199916424,19.489474872308033,4.102462409094286,65.73393707974004,aggressive_cornering
30:11:00,32.15985795085475,50.60687865536421,3336.40858973313,,16.836575636430027,2.7954395613180907,76.82554613592814,aggressive_cornering
30:12:00,28.956605090297295,64.76246552056801,3405.7172113656657,0.487878106,18.643716100274673,3.878175728255578,69.74469584091132,aggressive_cornering
30:13:00,30.52701725882063,49.59346672196294,3216.4703568916666,,14.982044041377607,1.9263866020755946,59.39853027087206,aggressive_cornering
30:14:00,30.481208082828985,51.94864706493894,3380.6790373380118,1.265845898,18.831999333502768,2.8443750703605315,51.7058979687505,aggressive_cornering
30:15:00,32.51667659258515,68.18940298636433,3243.6245195523534,1.213102319,20.44953792616422,4.486520749205733,66.85884899620866,aggressive_cornering
30:16:00,32.78823773186368,37.80571689325625,3245.8272252579445,,17.609258763098353,2.3910256822527516,51.36922827468584,aggressive_cornering
30:17:00,31.565128612384257,35.48178146226787,3099.7766760010772,1.806467583,19.06298204351333,2.0997763503823808,56.515198305205644,aggressive_cornering
30:18:00,33.59782540778651,80.68046617944557,3431.17402935613,,16.21517076379334,3.1001744451872972,60.24851862776508,aggressive_cornering
30:19:00,29.01569719626053,65.278770071371,2986.28491009178,0.448320422,17.429234219903087,3.57837387873169,56.482133562220774,aggressive_cornering
30:20:00,38.39318902429517,49.06718166601799,3503.0709343300373,,19.988520311644915,4.371636426516225,52.405517291761846,aggressive_cornering
30:21:00,35.66762144227098,54.45436661614626,3406.5700827673613,1.252660003,14.254663819744565,3.4365891066777174,48.6427272185676,aggressive_cornering
30:22:00,38.11955709155126,58.27253455751954,3452.981582680167,0.421948633,19.701122293722026,2.3235651245232307,56.779706305353415,aggressive_cornering
30:23:00,34.34712977706834,73.61470162756244,3525.186264705167,,17.358052967173524,3.345667068756767,78.92037704884186,aggressive_cornering
30:24:00,36.77448989879464,22.559949858907753,3538.574424517906,0.487878106,19.616120310494573,4.78506868542702,39.10142504815158,aggressive_cornering
30:25:00,41.238316390952015,34.827188080357814,3751.2388174372277,,16.586591084889683,3.500566501266863,47.58763307110946,aggressive_cornering
30:26:00,38.322110735947184,38.152191798879905,3626.944269131212,1.265845898,20.345033268011132,6.020333987428146,43.16150309987927,aggressive_cornering
30:27:00,39.73544516437776,61.807076684366535,3554.0465258613626,,17.81458701611073,4.8422430397152345,63.381624225771915,aggressive_cornering
30:28:00,37.80663333446947,29.487090158581502,3931.4404811653076,1.279031792,23.12883921378909,7.068872003022917,44.494335140704976,aggressive_cornering
30:29:00,44.24348802640503,58.67718493190882,3762.1253634777822,,16.88931523633267,4.587741257433158,56.48159134089627,aggressive_cornering
30:30:00,40.5639874769799,30.105155913291277,3347.181786624196,1.898768847,20.306523738716812,3.7733068692641076,39.87390773206824,aggressive_cornering
30:31:00,40.13160346027913,48.309869484280284,3489.1827490577502,,15.856103619737496,3.7280797893287025,42.261568070431714,aggressive_cornering
30:32:00,44.47404143715042,66.21468857925521,3977.113043298244,1.252660003,18.79885297598824,4.549092119088948,54.337690751511076,aggressive_cornering
30:33:00,43.30412225600371,48.655720270324494,4084.6884030339147,1.529563793,20.152694939445638,4.987648130800972,47.24570256419744,aggressive_cornering
30:34:00,43.56794556043665,48.75707762447507,3576.3432646980277,,17.539403690143093,3.120971978377073,48.71412365834516,aggressive_cornering
30:35:00,42.2081326596314,61.225273913437526,3542.5389603336084,0.712038317,18.274228557938773,4.783955304247183,52.40629058836795,aggressive_cornering
30:36:00,44.14451544927533,46.19024875536184,3736.1475684294414,,18.02590434928095,5.473649860443015,40.16956795718785,aggressive_cornering
30:37:00,47.15210255614874,52.350612431580444,3737.359402285626,0.421948633,21.11137573656027,4.7687363179038575,56.610498720140704,aggressive_cornering
30:38:00,42.49204031336875,36.93803051358467,3379.4307430933595,,18.5579891225273,3.3572442160824174,35.49067383273584,aggressive_cornering
30:39:00,47.5911791319313,52.20997297094518,3676.1604310046423,0.527435791,19.428707254402255,5.8735493881576915,50.266303762740364,aggressive_cornering
30:40:00,48.38809967468535,39.262229804121894,4119.839585541386,,20.828486760704504,5.882159443071122,45.241839588045885,aggressive_cornering
30:41:00,48.366375452762085,40.857766797923425,3738.6772192928647,0.540621685,19.87712569397375,3.9890050631810507,37.206979110258324,aggressive_cornering
30:42:00,46.36647019231274,33.933430595042736,3947.466875401352,1.173544634,19.179041958669558,4.552157507279158,34.13274781375187,aggressive_cornering
30:43:00,47.19911232286731,48.657132904046584,3841.636490040513,,18.930382893576976,6.257535541827838,38.72596808084645,aggressive_cornering
30:44:00,47.05815048812831,37.976429918102895,3719.827512060924,1.371333056,17.929842406757587,3.358217576554618,30.0,aggressive_cornering
30:45:00,50.0,45.2187262911735,3816.6725743811025,,17.483513992739386,4.184559830182433,44.78300472933321,aggressive_cornering
30:46:00,49.608911102744045,43.09881898527997,4099.947411760597,0.58017937,20.99105297495962,4.52444156794162,40.67187502171084,aggressive_cornering
30:47:00,49.53721583529372,37.34330230305283,4042.5901786295967,,17.805306751329343,4.287434772658967,30.0,aggressive_cornering
30:48:00,49.73198707301975,71.9021918401563,3828.956144372888,1.015313897,21.102717454598128,4.189601680592542,63.15657627941495,aggressive_cornering
30:49:00,50.0,52.855873534245504,4180.3775982509305,,17.337872223458874,4.274705942998164,36.438611803083596,aggressive_cornering
30:50:00,50.0,56.40307403814897,4046.3215372721043,0.461506317,25.136944608891667,6.922923845522281,45.338377177094046,aggressive_cornering
30:51:00,49.36677874987719,48.379202704800605,4237.93556563658,0.474692212,20.870236153715673,6.534442005808781,37.41670613408886,aggressive_cornering
30:52:00,50.0,34.312702984666274,4329.95437224943,,18.639696412940445,6.245180993490619,37.15554771235987,aggressive_cornering
30:53:00,49.13968154173905,33.4617643523094,4194.11959767933,1.279031792,24.107800931801826,5.81562005185453,45.317556468761296,aggressive_cornering
30:54:00,50.0,56.01915455022492,3995.0122302790037,,18.645590760192576,4.4823800573837005,56.15252876064977,aggressive_cornering
30:55:00,50.0,50.38555580151473,4169.929791364409,1.292217687,19.341182160970526,5.309948105528079,45.937765306658505,aggressive_cornering
30:56:00,50.0,33.79743773229212,3910.0293534604766,,20.63168931553827,5.207388736116573,38.81072371017217,aggressive_cornering
30:57:00,48.56209194864314,30.3500023492759,3584.330716907433,1.569121477,19.918676613374146,3.475460923565409,30.0,aggressive_cornering
30:58:00,50.0,50.79780850192746,3951.989749692447,,20.718228828361664,4.44196415923335,45.07320008124598,aggressive_cornering
30:59:00,49.33717157553225,26.040211436701878,4207.546981389412,1.068057476,23.46436534579188,5.59509025456796,40.225125178386165,aggressive_cornering
31:00:00,50.0,27.48777529518288,4015.3860177301026,,18.919559779653987,6.09317785986703,40.213876108372546,aggressive_cornering
31:01:00,49.95731913189183,50.30366699430308,4487.774928844381,0.501064001,21.4176096461303,6.716039923449982,38.2198714308946,aggressive_cornering
31:02:00,50.0,46.07259235544884,4055.2996941456727,0.896640844,18.773424131833494,5.127428922031689,52.92319267758335,aggressive_cornering
31:03:00,49.28587017508862,44.54651731977047,3595.2825577049475,,21.73131876523617,3.853636676130999,34.61518663148043,aggressive_cornering
31:04:00,50.0,50.058614452489614,4428.035883318947,1.318589477,22.70998340934839,7.577844392515331,51.00459255080613,aggressive_cornering
31:05:00,47.611205720279024,67.66250592751932,4029.145949136775,,23.565516950389014,5.562171139833291,49.7837049744672,aggressive_cornering
31:06:00,50.0,37.62044464705515,3951.1137922167986,1.925140636,18.978265636396365,4.9659465216069645,50.79368889099519,aggressive_cornering
31:07:00,50.0,72.09523487486877,3895.252257716198,,20.51166478758597,5.035487074187993,59.880937178131866,aggressive_cornering
31:08:00,49.733742946396504,66.43983954272848,4357.373190196748,0.435134527,23.414058714877548,7.263042371037279,53.45052917542357,aggressive_cornering
31:09:00,50.0,49.37301185618931,3971.298836548263,0.501064001,20.094730695577745,5.850175475127091,58.0948506545614,aggressive_cornering
31:10:00,49.51453194417507,78.38814588534251,3824.7741859823773,,19.761127646597977,5.923476313530544,57.935289304777726,aggressive_cornering
31:11:00,47.26172485687111,45.33107661588993,3759.309927846888,0.487878106,18.72855472981739,4.864992214974083,50.34599446826472,aggressive_cornering
31:12:00,50.0,73.16182605214357,4033.8869355840466,,20.201927651053786,5.291517845357135,56.96522168704258,aggressive_cornering
31:13:00,50.0,46.0344929655823,3886.2675739317083,1.463634319,19.321480153285066,5.903381698525959,67.34297419194176,aggressive_cornering
31:14:00,50.0,58.53389353260114,4255.565071248723,,17.142749451524075,4.212677657568645,56.74461723872392,cruise
31:15:00,49.386539422788466,42.01318854093047,4113.5611908554565,1.938326531,18.54633328639273,5.178686340974346,57.23792453372189,cruise
31:16:00,50.0,55.583236830582436,4192.701348484212,,20.078125147329484,4.379577713533536,69.29680618271748,cruise
31:17:00,48.948104649993454,51.55788450621875,3640.0709738691057,3.309659587,17.520647392838995,3.508009563193614,49.88762592131002,cruise
31:18:00,50.0,72.91775519139355,3683.4566705457837,2.333903374,21.289028886837272,3.9818729325206803,69.33661136541518,cruise
31:19:00,49.52766561366289,63.12313737751725,3895.6643141851487,,16.960946132283105,3.885202940990338,62.11111079861665,cruise
31:20:00,50.0,71.85569075981167,3873.644591998256,3.256916008,15.270211545475153,3.1011414526627608,74.81749223990485,cruise
31:21:00,48.988842562631476,79.5618325305808,3703.066634921512,,18.941653229497074,4.409307192542029,70.41454658738213,cruise
31:22:00,49.56712957517561,58.69409220919058,4175.401594937653,0.421948633,18.131583134596934,4.2151492198392475,66.86780397253332,cruise
31:23:00,49.44870228993012,76.04796035486166,3988.11791307883,,19.16054021243363,4.052383313560566,63.0159917440389,cruise
31:24:00,49.000914737742775,79.08944972366874,3844.7671624628324,0.448320422,19.115288369690145,5.129607185000117,74.10433307205763,cruise
31:25:00,50.0,43.46520149840222,3927.666835842879,,17.87966388770109,5.700695563059458,59.62360432944163,cruise
31:26:00,49.06032399173417,59.79398955123558,4005.88585527937,1.054871581,21.368667343988097,5.767526418678621,59.59660895593941,cruise
31:27:00,47.93545748225287,80.15789056606053,3942.2917054039067,1.199916424,20.064329514039947,4.54732642820179,67.1029482652758,cruise
31:28:00,48.307203251973064,30.85365385019577,3834.423155517651,,16.884784667234605,4.377437451166201,51.89004208283083,cruise
31:29:00,50.0,86.40840920915485,4198.9244821844,1.344961266,24.16444949012857,6.556450691717748,69.07208232816059,cruise
31:30:00,50.0,64.7192375040335,3949.2259491516256,,20.369884819322387,5.256979819280185,66.20384614310942,cruise
31:31:00,50.0,80.56565620098388,3981.0094231299977,1.094429266,23.337746317655377,6.396524915905526,91.34097952464491,cruise
31:32:00,50.0,62.15025310223359,3786.643677284986,,18.672022751299824,4.0976570347530705,66.9860763525009,cruise
31:33:00,50.0,64.37900469443335,3978.958607443062,0.566993475,20.200790949601526,4.949133008926044,69.55819424914567,cruise
31:34:00,50.0,55.78686559606815,4065.036239538153,,20.967263742808207,5.6497118914638325,68.86751339488565,cruise
31:35:00,49.343023018413206,82.38621636955992,3889.656602494552,1.542749688,19.4472441403908,3.8966096958670757,81.03106304857039,cruise
31:36:00,50.0,85.06768227901155,4077.6977181642164,,18.60464540384419,5.459654129064701,73.61502528015394,cruise
31:37:00,48.62065631465451,81.43681624909298,3999.681364151566,0.962570318,20.76961723614091,6.420686134926457,79.83431507967559,cruise
31:38:00,50.0,41.85126248655011,4113.506724166496,,20.888073995502165,4.5788846727387655,70.38974144021698,cruise
31:39:00,48.613703890682054,69.14242011436856,3839.6552662337876,0.501064001,20.122082345180917,4.1844073616014485,72.30240398919517,cruise
31:40:00,50.0,82.56155654389546,3914.3595073015335,0.514249896,18.588931018505193,3.1891908359648173,76.02123357259201,cruise
31:41:00,49.89738546365257,87.41688571918985,3520.5905476150847,,17.3590856712089,2.975421490476446,81.01431286454219,cruise
31:42:00,49.510476216292574,59.555177811194625,4119.087444395816,0.883454949,21.259324083664367,5.788969959778648,74.30464203692739,cruise
31:43:00,50.0,73.50730192529268,3989.1037220055596,,18.98738858096708,4.344071426032587,78.71046521201383,cruise
31:44:00,48.47977802575518,67.21200881837758,4274.329319624911,0.421948633,16.70305048624171,6.611721548129993,72.18123354720723,cruise
31:45:00,48.9604937527525,63.72730779765204,4069.5585952522865,,21.812076308079227,5.9483536232509815,66.10025275098185,cruise
31:46:00,49.60054979447343,86.09380145713683,3838.8980356379657,0.487878106,17.09321568113184,3.969083234749427,88.49998890105853,cruise
31:47:00,48.83188579207814,78.22227352227893,4084.112705004182,,21.807761381734153,5.481753310143045,90.15606907552619,cruise
31:48:00,50.0,80.39452515303583,3946.021725490948,1.806467583,17.60737479867087,2.8576171693199983,82.80089895863938,cruise
31:49:00,49.80086743102633,79.28141699413648,3876.294506047558,0.408762738,18.267010233836896,3.8331259463656204,81.49171876276574,cruise
31:50:00,49.55351637435392,91.52810609367863,4086.974657669094,,19.854236020661542,5.249352848494836,71.7705938585455,cruise
31:51:00,50.0,91.74815430294481,3949.3587965877214,1.740538109,19.182459026029946,4.931708004880429,84.47498689530377,cruise
31:52:00,48.62587079278632,67.88157802461471,3890.312458091608,,17.78361754962447,3.2048340983881847,75.7708700064902,cruise
31:53:00,50.0,91.90184594778667,3850.503679916694,3.019569902,22.24131312727294,6.779038937607707,80.32932921093914,cruise
31:54:00,49.34764759414783,92.49345664710815,4011.189687635183,,21.15985823749226,4.594614131328732,82.17796387402089,cruise
31:55:00,50.0,100.0,4263.898789523303,1.68779453,21.35947869767838,7.0871764171141685,96.4403515685262,cruise
31:56:00,50.0,68.15179948103703,3792.975057244801,,19.626348384569795,5.6181444831842775,64.07968689498395,cruise
31:57:00,50.0,65.32513654082881,4059.2970562554483,2.122929058,21.46365344492283,7.32491316238274,76.44486312232262,cruise
31:58:00,49.91678491837322,100.0,4163.857753247904,,18.40382093913959,6.286163949879704,95.1762461697943,cruise
31:59:00,49.06118295574972,88.7281877609324,4055.5594759394803,2.584435374,16.826977858969634,4.998559955394301,87.97327921638838,cruise
32:00:00,50.0,59.95514877842583,3914.625830727288,1.582307372,17.380058946915927,5.218337033063887,64.09899066695391,cruise
32:01:00,50.0,59.74049428112178,3977.408554008647,,18.3010676871104,3.519467548044606,71.14743314165622,cruise
32:02:00,49.501750376218965,90.80677442199678,4122.838120811979,1.925140636,23.281802498835194,5.332052105438997,73.4887660930889,cruise
32:03:00,49.823451004623465,80.19575208195853,3865.889145494055,,17.670817938739564,3.8627340645461254,67.60774907082248,cruise
32:04:00,50.0,75.728679053165,4257.250635965194,1.371333056,19.40818331336265,5.308273929676174,74.5668771185981,cruise
32:05:00,50.0,78.8768224215704,3831.2080765467254,,17.16686432035905,4.66110719751391,93.25145882261266,cruise
32:06:00,50.0,66.99082386204138,3960.8215150085944,0.435134527,19.926303897345036,5.41968295720114,61.489648625322225,cruise
32:07:00,50.0,71.98108928405127,4092.9429221580253,1.054871581,16.334750956876317,5.0910502231230375,65.13449565411726,cruise
32:08:00,50.0,67.58950012965323,4336.368156328889,,21.237208743590966,5.745153548516615,75.21836249567222,cruise
32:09:00,48.79955696920195,53.397428985390164,3783.9403998597068,1.16035874,18.460000619305116,4.831276723900093,57.0073437368991,cruise
32:10:00,50.0,73.03963922273711,4126.940412995071,,21.106371741302734,4.874138789870284,62.159740979043576,cruise
32:11:00,49.291836323183375,65.0869170846673,4107.177219300021,1.186730529,19.54729742345942,5.256342280948934,63.8065306644199,cruise
32:12:00,48.56855209203235,76.18544508211313,3860.411820323172,,17.76827645020112,4.280616312485523,68.06042791959416,cruise
32:13:00,50.0,73.83323794120156,3864.243605563169,0.606551159,20.92345065987635,4.52104550199829,65.19019561626716,cruise
32:14:00,50.0,66.11309357054479,3990.2077377114238,,16.551139630676,3.808656634466052,70.8912678786712,cruise
32:15:00,49.92223167392246,87.95026188762189,3931.0047071542735,1.13398695,22.25313116802733,5.879182793371407,80.64498824226983,cruise
32:16:00,48.111366385354316,55.81978934355365,3623.4629841452156,1.424076635,18.107803279406674,3.6323274898197693,60.861052786599565,cruise
32:17:00,50.0,55.61028840456344,4189.954197196963,,21.56677838499108,3.9456639028911913,62.87195653794839,cruise
32:18:00,46.93307617616556,53.200580463677824,4029.5122079267085,1.43726253,18.762358369553596,3.053612389889814,67.77406323655474,cruise
32:19:00,49.71509364322399,72.40476229697944,4039.864080766874,,23.60313798747949,7.022069598014495,61.50599000262357,cruise
32:20:00,45.80044075327749,56.359711701864626,3926.887556138313,1.450448424,18.647309300721183,5.042636922486385,54.621336209804824,cruise
32:21:00,45.5826739657866,44.86190361861631,3657.3114729213994,,17.72288807176475,3.8881690937587186,51.31939819275177,cruise
32:22:00,48.73724504487023,67.93747123120657,4084.8717344254273,1.555935583,18.838583601745864,4.469092314920162,58.3272276865947,cruise
32:23:00,48.17490820287273,67.4650925575584,3839.9598485359893,,20.780018440848643,4.6283979072802435,57.05145901498304,cruise
32:24:00,45.94690892776086,53.18454933859189,3943.36222772968,2.478948216,21.265376497071546,4.583757543831345,50.088204631358785,cruise
32:25:00,49.67596324596987,63.70007330587329,3941.301005706895,2.597621269,20.961211085988403,5.970746111868092,59.32070756014917,cruise
32:26:00,48.90508014341153,36.5153499820846,4072.140530230547,,21.29698473736158,4.322564312722536,42.85149728258632,cruise
32:27:00,44.066065978847156,59.071981940774315,3725.950042029195,2.623993059,17.590019273727904,4.450179467743122,50.681407244607264,cruise
32:28:00,46.19940424876813,42.59546166706032,3957.8749268542642,,17.208590191168604,2.7603541085988725,36.839545992598346,cruise
32:29:00,46.933808446167745,68.72372355795525,3833.0451413636288,1.648236846,16.333408380334944,3.4378181884319785,59.652583548590606,cruise
32:30:00,44.24533426186711,52.65460022765587,3769.6887305402997,,20.462097404643014,4.339583186564684,47.09059917417982,cruise
32:31:00,45.816806124834706,36.52647956103553,3606.25491972615,0.435134527,16.986666045661767,3.857605631301403,44.19746850426708,cruise
32:32:00,41.313869217052456,50.99116573275891,3532.006412178417,,17.024832764799516,3.998770542081192,54.608192618951456,cruise
32:33:00,43.34047712101598,49.8139112595867,4137.425482338971,0.474692212,24.564042693435955,7.242422095002397,41.71776253688331,cruise
32:34:00,44.25023433884809,52.65562321634303,3538.12994021618,,17.176694038130236,3.7042822771002175,46.35217161907116,cruise
32:35:00,42.548583227107414,55.73281892820257,3486.717175846173,0.474692212,20.812290292746816,4.353766757575197,39.39998650683748,cruise
32:36:00,43.62029663151498,52.426076918137895,3843.3234336257524,1.371333056,19.537763915816118,4.103216738534365,45.94144342698676,cruise
32:37:00,39.311298559130734,28.906955115184996,3632.7411543562002,,18.823664482265336,4.349862042188291,34.91385794734509,cruise
32:38:00,43.94361899159314,54.70449577663989,3738.6304476181635,1.081243371,17.161297769937025,3.992422596846273,58.30857621829355,cruise
32:39:00,40.511819588309145,27.366152953054502,3514.3077931937087,,19.58586159742276,5.570926294878568,30.0,cruise
32:40:00,39.05975080709905,45.23492047483816,3711.7864422891944,1.213102319,19.905296717804127,4.249270796530936,45.6597996219379,cruise
32:41:00,37.18050298507285,33.18658461518383,3431.465665730349,,20.269590741093133,3.8123257787117475,49.5009919707521,cruise
32:42:00,36.77707457421291,41.60417666116834,3335.793308529052,1.252660003,19.524763618678033,2.792400216799832,34.88449810599011,cruise
32:43:00,37.38050954651084,57.31862139200755,3245.3811749108277,0.435134527,17.06296122567469,2.752574585599736,52.34148916557764,cruise
32:44:00,35.8467059401842,38.91207911427047,3436.3421591651254,,17.483209706900038,3.736452593200451,38.22714203880438,cruise
32:45:00,38.79908964776589,66.87520653886355,3834.0365014630324,1.13398695,20.011476459328016,3.2312700885357017,37.20903737522661,cruise
32:46:00,35.854573504425026,31.9110522692734,3409.401195534134,,19.799897702300164,5.032975668446232,35.92390802999466,cruise
32:47:00,35.67949417955071,20.0,3676.4286891623983,1.384518951,17.73152846618913,4.869975595178628,30.0,cruise
32:48:00,34.6953152707993,20.0,3464.3985468637597,,19.684784218264085,4.321480760195002,30.0,cruise
32:49:00,41.01760531890444,47.18085423657109,3711.8995816585143,1.648236846,20.025174362930937,4.001924049209194,52.200065946930444,cruise
32:50:00,34.609777985902994,20.81556653111666,3420.1163954314998,,20.02131922055305,3.8509235667719723,34.28608145060386,cruise
32:51:00,34.1899993373254,54.024767631292576,3458.1254427790127,0.909826739,17.8959146536291,3.5163954736874823,47.59992647145658,cruise
32:52:00,31.996495981393654,48.10014152122857,3202.772209265415,,22.600799689963836,5.01199450618135,34.76760121842883,cruise
32:53:00,32.48017447436012,44.4492075026333,3126.0409925057165,1.041685687,17.133825764054027,2.6552561978687352,40.04761112371866,cruise
32:54:00,30.64695152778475,42.790396708927666,3310.2148282465414,1.028499792,14.948261955648826,0.8738192671257425,47.635693935378434,cruise
32:55:00,30.305868073855706,25.967488995039112,3448.0734674608652,,18.148374719557317,2.4581155750203703,30.0,cruise
32:56:00,36.14891855091079,20.0,3296.12859166248,0.949384423,17.2506037228089,2.545674774361236,30.0,cruise
32:57:00,34.07450620453016,39.159216926031654,3424.121865160628,,14.698914935072734,2.83841326558034,57.402719348166094,cruise
32:58:00,34.523448968267395,34.98407223914545,3428.2107263344506,0.725224212,20.652522368622865,4.867605581957097,49.641469586215756,cruise
32:59:00,33.163221228618845,51.88783563486524,3056.4144297338626,,15.752849124888105,4.335434917106831,46.60727798703037,cruise
33:00:00,34.425358956023466,23.919330376025762,3121.656535775193,0.712038317,18.806076133328332,3.597318269638777,35.11808543812694,cruise
33:01:00,35.38978470161829,42.09665116029343,3444.235319018208,,20.046454728335288,3.264301352933368,43.868207235332854,cruise
33:02:00,31.649802321836475,20.0,3153.332263747901,0.659294738,21.592571386515775,4.470322565766555,30.0,cruise
33:03:00,26.62263578080727,45.475019627663315,3310.723963725547,0.487878106,18.993336233855256,4.429830769450254,50.39441673949901,cruise
33:04:00,30.94412220079276,53.17539621363267,3335.5261511261524,,19.56305279547421,4.31319494349462,52.94101637237207,cruise
33:05:00,31.002895632451764,43.16564193097388,2931.498471853783,0.936198529,15.14309685197624,1.822679734714629,37.93417639198397,cruise
33:06:00,29.73857317464737,37.64972332647481,3231.426589006285,,19.882998722508678,2.8599106925156517,41.82775684493927,cruise
33:07:00,26.324981066124874,50.411848423244685,2988.6562953062394,1.054871581,16.816631765127767,2.960402356042439,57.848828225415424,cruise
33:08:00,28.05204085399507,68.51528478187768,2952.4276162845426,,18.07579173254541,4.715118380358518,61.700858308443564,cruise
33:09:00,30.321248693602005,51.553147575817334,3367.0915762426594,1.081243371,19.156393226408852,3.0224558078602444,63.62955287886461,cruise
33:10:00,29.061350515684452,46.850387559724055,3790.5923144530643,,18.701829992491263,4.995144495536935,40.42195124443875,cruise
33:11:00,28.78266713493907,38.79591086242726,2954.8902967130725,1.068057476,16.753722314519592,3.1910773259401357,49.444908126743925,cruise
33:12:00,29.184595353236233,58.65897800536382,3243.5092727080296,1.081243371,22.65345119440546,3.451808630272758,54.00842085842372,cruise
33:13:00,29.756413796943797,46.46078762678926,3402.241901835036,,19.275856954294888,3.1468716625992204,54.92717225442907,cruise
33:14:00,30.59258477274897,56.488678465697014,2717.3966163410796,0.949384423,14.283295485619135,-0.037668884198109875,54.290646252436986,cruise
33:15:00,28.001787775677712,57.31903538472073,3515.031517492694,,18.00326324384199,3.5207234857289,56.13947226244759,cruise
33:16:00,31.26301582770535,64.63005988841076,3677.329573647128,0.883454949,17.88449305351341,4.273872214679929,59.23244107868153,cruise
33:17:00,29.346094314208898,66.30882591283061,3227.06452409925,,18.023719313922275,2.7800924016316024,63.681235181462434,cruise
33:18:00,29.352628057749094,58.85483603818176,3312.6952388487543,1.173544634,16.730721315559194,1.0008553481211249,52.200569007311245,cruise
33:19:00,31.36610834886021,84.91271081732091,3091.156017743745,,16.749236549301525,2.741777602363237,69.928529542838,cruise
33:20:00,27.009197697516715,65.12451675277183,3275.30753366528,0.698852423,14.98428152248844,1.0394609456958483,67.24095770532824,cruise
33:21:00,31.752363754608027,78.0729978717878,3048.1905987566097,1.002128002,16.957754153573926,3.823202626358867,76.3371230469492,cruise
33:22:00,28.448495730994324,51.564566429572956,3409.0667545757874,,20.091093984439194,3.2504678484547997,55.38590836546081,cruise
33:23:00,32.734698305769676,72.70556245669242,2906.9280523792636,1.147172845,19.332872569535095,3.4047421433157017,72.28396969057367,cruise
33:24:00,28.41761986105781,52.010892520202354,3378.027556030285,,17.74350997252969,3.638665768174812,58.0465965454901,cruise
33:25:00,32.42427762326358,62.99919803259802,3399.207424956365,1.068057476,21.807039310615178,4.8165093709929225,64.47939022185379,cruise
33:26:00,28.88040198873432,71.53959736162834,3324.2357587255874,,18.942866910191224,3.8995192131460197,65.0267440713909,cruise
33:27:00,31.82724778551863,53.71211365870978,3480.807466914017,0.461506317,17.272261850949942,3.5930835009403297,62.08802087715448,cruise
33:28:00,30.88505583172446,44.87128453204434,3404.595310797251,,17.69479899604323,3.4398719830432865,67.97375386241237,cruise
33:29:00,34.9317015696854,98.00371977961342,3432.5835551945597,0.474692212,18.920962688409016,4.187835973763329,80.10861098007042,cruise
33:30:00,35.73014546205233,63.18383532755542,3522.537067717306,,16.35923693975524,4.806079175483154,67.74573599922147,cruise
33:31:00,32.420236147054844,77.06405073483558,3596.2890093394963,0.712038317,21.056178110335633,4.731109769852574,82.81761462697595,cruise
33:32:00,31.31340291405208,65.14053521802866,3481.6358184965557,0.474692212,21.776096044705195,5.0594033051674785,72.29009040131643,cruise
33:33:00,34.56989210656571,73.84001636225366,3299.9625260741823,,15.237732023141781,3.433801330371306,73.31460923646426,cruise
33:34:00,32.31225885348558,84.2996874111731,3635.0921700066665,0.487878106,18.943851434784293,4.215233877639668,73.3046428787119,cruise
33:35:00,35.36612294010494,70.08272303499277,3201.328208454194,,16.78235424428936,3.460286011438268,68.73640914147819,cruise
33:36:00,33.78358222920566,97.58758744495012,3430.1270486706226,1.081243371,14.734610466685403,4.515862310328838,88.85999588448244,cruise
33:37:00,35.33616650842546,78.99385288420567,3194.930660525309,,21.464135089820424,3.5192837157172847,86.66534990502642,cruise
33:38:00,35.51003443188227,71.24044919528973,3449.223108526612,1.305403582,18.602532058567505,4.343703078852289,87.81191826596749,cruise
33:39:00,34.07163384952056,76.5342941972967,3338.0508821861295,,17.041389678761995,1.4751262712433415,91.5557052933994,cruise
33:40:00,34.70559671853894,65.83392325371379,3500.229943357878,1.490006109,18.522320636702624,4.954488672834069,80.8681905427166,cruise
33:41:00,34.90278889976073,85.52599871501921,3304.4554196985614,1.002128002,17.94367376280928,4.102175325408143,77.91222323767687,cruise
33:42:00,35.933665610065674,68.99984727177232,3573.008231713402,,19.688631631498183,4.441318451809092,86.74994624622471,cruise
33:43:00,34.80361167391112,68.771410643925,3705.9474680141693,1.16035874,18.680774491954956,4.796817245135919,76.68957688449508,cruise
33:44:00,35.81258366217364,79.122465911762,3241.061663073297,,15.204394651269311,2.561528078981004,80.23212963849068,cruise
33:45:00,34.298853487903,73.36989782807689,3043.606777167119,1.173544634,16.228426528372164,2.434799948797287,77.75413600019229,cruise
33:46:00,37.860140347871486,90.55690573231303,3623.5389477545027,,23.08700946447391,4.553492729627746,91.88784942263081,cruise
33:47:00,37.31618129869602,100.0,3234.0938470999345,1.173544634,16.8100458551938,3.892126342592203,96.73935220465961,cruise
33:48:00,36.87335546363035,67.32017023513151,3099.5021335013953,,18.336099713881314,3.3957073348445403,63.29424025189541,cruise
33:49:00,37.619648884789925,100.0,3622.7992810040987,1.173544634,17.48774259222326,4.060224038570399,72.35404244870836,cruise
33:50:00,37.21251586324905,91.973475471292,3397.935322045309,1.186730529,15.101473252441435,2.7350855540342818,82.50149993819073,cruise
33:51:00,36.286259133515244,72.9381779661859,3446.851847105231,,18.697300070620084,3.8957080727538487,70.37973849718477,cruise
33:52:00,37.709038102462124,77.8439886148978,3566.144440929843,0.764781897,18.177643498188814,4.34074890226947,89.80074350890828,cruise
33:53:00,38.97464747309428,100.0,3728.436197965216,,20.639970277216655,3.7141020751355294,97.20414782106799,cruise
33:54:00,40.39987812655749,52.33358724269729,3853.9038216058684,0.474692212,20.71750007719193,6.289528069986934,58.69283167530155,cruise
33:55:00,38.732710134124424,87.10564015137686,3649.4955106799125,,18.66855523712776,5.180456154998986,82.75045967975831,cruise
33:56:00,39.31458628160287,88.17826658538044,3511.4040438276134,0.487878106,18.36373624807386,3.938759472412379,85.5877669272427,cruise
33:57:00,41.80149121529242,89.04614832592993,3974.893440660103,,19.577177197537157,4.570274473413232,73.62158873890927,cruise
33:58:00,40.50146180431252,66.00766382487183,3857.8633052569185,1.094429266,17.547849257856843,3.8531920871005108,68.25931433785932,cruise
33:59:00,41.483862981947766,67.37690276607674,3831.859732282186,1.358147161,18.2255877919538,4.604672440707693,58.58996255330865,cruise
34:00:00,40.946020383874696,83.46636070997953,3473.698321193299,,22.1987976605853,5.4591114754394345,86.85063303622465,cruise
34:01:00,38.37097815569355,74.50247850419015,3362.024486598361,2.241602111,17.86900720328562,3.6297426626877467,72.47669519192398,cruise
34:02:00,19.154948724258766,86.91244649840337,2650.516278808882,,16.34651315952754,2.5258949594137903,74.19170858152096,cruise
34:03:00,34.611056915117814,83.35235070615036,3305.73320940347,2.2679739,18.244560588117324,3.491393137905483,77.82382896556406,cruise
34:04:00,27.413365955162327,65.08178724729375,2642.3077773507925,,16.439450925496626,2.8941410925004174,70.11890949276437,cruise
34:05:00,44.509703493869054,76.51576019002306,3736.5026869052062,1.279031792,19.878119963922696,4.90852404850449,68.75739351697712,cruise
34:06:00,22.26166156286979,57.626397031312266,2691.0226312564973,1.608679162,15.474701053990128,2.747093009695456,68.033472634862,cruise
34:07:00,23.09193718246146,50.446036154298454,2863.950730120525,,18.143838585985907,2.3307070273176196,63.24561104533308,cruise
34:08:00,30.469066354919274,74.60493971810484,3019.5684426127327,0.55380758,18.752577199061605,3.85438406331273,67.75572584379749,cruise
34:09:00,35.908425344147645,71.17489013227485,3126.7396887947393,,19.571265968608483,4.238124431632556,72.57200334946542,cruise
34:10:00,18.611857632034088,61.154201104331065,2744.6897830899943,0.540621685,16.52296698484956,1.1462193222837893,56.93252416169001,cruise
34:11:00,24.18494297523463,61.42568026811458,2940.95061465329,,18.66006426920181,3.786285787603054,64.99227978801721,cruise
34:12:00,16.130471754516165,63.16352045552812,3138.3829934807336,1.397704845,20.1564917587133,4.712514223446163,69.22851885218375,cruise
34:13:00,28.626394821091598,67.88478484430496,3048.8813178609175,,15.030294613792524,1.2686900184379035,58.735193316056886,cruise
34:14:00,42.23422149547184,31.06924355930635,3967.0802446664593,2.347089269,21.413822631889342,4.974401319910042,41.896365904106396,cruise
34:15:00,32.425675640093026,57.10553271152847,3547.5456531753184,3.375589061,16.47349247582639,3.0834490257531124,58.7675847356057,cruise
34:16:00,21.272876051962353,48.16537416908387,2525.346948188887,,16.84120112752698,3.507175365242973,59.97056957242008,cruise
34:17:00,32.615782108192235,68.71043487678794,3200.743068188224,0.936198529,16.79121520250455,2.713791061328452,65.94111015527182,cruise
34:18:00,42.09474846005584,79.94621568959276,3988.568729038771,,20.836303078121393,5.492174154894883,69.37185912508379,cruise
34:19:00,15.266795772548837,38.051274545640105,2986.7347369186846,0.487878106,16.620846600062567,2.1150366084278094,34.48531302710177,cruise
34:20:00,35.894427025530845,51.15306015741356,3658.885464500741,,19.207465340832403,4.20003918678855,51.28178120690734,cruise
34:21:00,35.089433171439396,46.360642923072994,3247.0877196626066,1.265845898,18.332161011266056,3.7431038790444306,40.02940308200264,cruise
34:22:00,18.081678240235206,35.712132525892265,2957.2561676852456,,19.944366634445412,3.347316085308984,54.15664285110328,cruise
34:23:00,25.574747994448437,36.248136983814376,3130.332107627986,1.424076635,19.955979681093417,3.5076915084508777,38.073573840835074,cruise
34:24:00,26.063959125166942,84.48280333143866,3249.2886137963387,,17.103765544929363,1.9335920413942316,66.57379133774964,cruise
34:25:00,20.114090103300136,49.76962354248024,2490.1992739853613,0.764781897,18.134479619112945,1.9470992453238287,51.319251670274284,cruise
34:26:00,44.22606010819281,46.55651811861038,3965.1551924686255,0.435134527,22.063253952574197,5.5896800701059925,49.38026736856058,cruise
34:27:00,33.544162445595475,41.3441006349588,3476.6102273890533,,14.048704470997084,1.8311408843786268,49.500913227141794,cruise
34:28:00,25.353287161486683,31.595051349271117,3261.5564100624792,0.461506317,19.799763196817068,2.495488158901189,33.502795828938766,cruise
34:29:00,17.759596527313256,43.0307862194422,2858.1486739622496,,18.831051449086917,3.0035634508757445,44.85368933451621,cruise
34:30:00,26.703249222396884,38.05734106511077,2982.0583044330756,0.593365265,18.608590462493883,3.2446131083857654,37.47630919953,cruise
34:31:00,42.32778454632617,44.88996444701553,3855.718660143155,,17.630317151110848,5.480125562516927,46.89491254438441,cruise
34:32:00,25.201571850823804,34.16463722875041,3197.6242875004828,0.975756213,18.70552151437294,2.7144858816539665,32.76644207607527,cruise
34:33:00,33.34785758362567,42.8972374194727,3616.7885481087383,,18.366436524455867,3.573167031863121,38.04358109707853,cruise
34:34:00,24.488084684165894,37.6767474355584,2732.7313276135096,1.094429266,16.74624196954102,2.2645646012055356,47.584256628216984,cruise
34:35:00,18.08733639684181,34.81650043793109,2815.211555444,1.252660003,18.09292044355653,3.4100854071107394,33.908119150777544,cruise
34:36:00,33.11925952873095,29.75322900268997,3568.0195346334963,,15.745826700818975,3.270817364589462,37.2655851071827,cruise
34:37:00,27.37710956803729,27.7685197557547,3081.0476814348494,0.435134527,20.62255185842793,3.6201942335681725,39.0609222134641,cruise
34:38:00,36.48480937370503,32.5709727339035,3410.7188770844455,,17.353543936372784,4.003751675902266,50.79402543364338,cruise
34:39:00,40.252915329726555,33.10804828067848,3436.797988644654,0.435134527,18.04482454954629,2.975683672645764,44.358134135117545,cruise
34:40:00,18.717062966522995,41.94926580513299,2973.855373784774,,19.055781613503026,2.6656654497586563,40.20820448869315,cruise
34:41:00,41.80676972969185,31.418089481777457,3751.512623387143,0.843897265,19.133283874143164,3.984224591172274,33.0860420358777,cruise
34:42:00,23.875242714683957,25.711415459367924,2914.215118422284,,14.979382947709405,3.264971458330807,37.27066393497962,cruise
34:43:00,30.308532362119145,60.05415351010663,3188.683980484652,1.265845898,21.0504447132117,4.563441299905584,46.09826688775544,cruise
34:44:00,33.769276638450215,45.6729188279151,3471.33771095167,1.120801055,18.438479687871563,5.153760340604583,30.0,cruise
34:45:00,17.589861399841954,44.15670211402683,2470.510537118438,,16.66006375764141,1.9028645410487866,56.12402408598439,cruise
34:46:00,39.245270078857445,39.44642810147383,3560.9408717836127,0.435134527,19.559361509814874,3.86740756255428,47.64485042948759,cruise
34:47:00,30.900065941017935,46.798781837176975,3173.33789941056,,20.761950062414414,3.6849903839130516,43.820596115056176,cruise
34:48:00,20.41822415390823,24.14841446999975,2650.151574839687,0.55380758,16.871949932717573,2.667564483747734,34.9799778646359,cruise
34:49:00,26.822222198247772,26.826043928596242,2851.9537157993136,,17.594748940848007,2.198904564280537,36.992837534116674,cruise
34:50:00,40.43065229553342,60.4298388676661,3706.7327983383293,1.054871581,18.17964257422265,4.472399980773929,49.18007268998894,cruise
34:51:00,31.044255789283294,39.446650973809994,3307.2774367873567,,14.169977194431432,1.1422941716789947,44.505868564636295,cruise
34:52:00,20.610585243921566,50.02812299552624,2571.517349112751,0.421948633,16.245599362467644,1.9931193774806866,44.206286624919905,cruise
34:53:00,15.935388358147218,38.955543173769925,2788.3966791534144,0.461506317,16.988608421718354,3.7891527090036425,30.0,cruise
34:54:00,16.89811015740878,40.43781508337359,2549.937330298677,,17.254900163490078,1.1757791266494348,42.69255115287414,cruise
34:55:00,44.652781348586615,40.03089887695605,3974.1869040908446,1.371333056,18.881251543560662,3.9253700022055282,46.17045277345714,cruise
34:56:00,41.693156854817275,34.22159838946722,4044.7104023488814,,21.404391763965883,5.748538569924143,35.87493958613782,cruise
34:57:00,19.86573261514844,25.93795975689515,2939.569650775745,1.648236846,18.10787670266028,3.779118669957927,33.20519150964216,cruise
34:58:00,20.14776363618471,23.93634241874198,3010.356282148029,,17.027460769408066,2.2672980840822667,31.549007694338556,cruise
34:59:00,43.797892711127375,56.270328668481824,3655.383944094584,1.068057476,17.2537508394872,4.705141993559839,53.33507780284674,cruise
35:00:00,26.975622356434776,65.66207565715368,3223.3454196508774,,17.997200725400035,3.6933694310644585,48.91907820127068,cruise
35:01:00,42.953657866159524,30.01144009921108,3755.044028882037,0.461506317,16.309228320592783,4.043066298298409,45.609655046996835,cruise
35:02:00,24.011783661820306,39.40528379398555,2621.4032240602783,,20.027870806823355,3.3363278478107237,36.20490415869884,cruise
35:03:00,29.4432982609663,62.798024230009304,3181.624020786307,0.566993475,18.097685099994397,4.5667196528273575,55.8502127725095,cruise
35:04:00,29.069677551202094,64.21200575598796,3468.7858793534465,0.738410107,18.644405998212335,3.8021957503936017,66.37472835355877,cruise
35:05:00,26.402213389995154,35.80973112866347,2810.072289878867,,17.34455590675423,1.7548614861172258,40.90279055230689,cruise
35:06:00,29.365659013463514,47.90345705491758,2950.1991357486436,0.501064001,14.309569534562495,2.1513415209275433,54.79628929971376,cruise
35:07:00,42.13742406788173,56.282703362408114,3699.6032560274593,,19.946914040535084,4.64160310026365,57.85405536029267,cruise
35:08:00,24.154742891448826,62.92682855842053,3085.3037143217134,0.461506317,18.686716299093398,3.7466735258329833,57.724314532287835,cruise
35:09:00,41.788376458416764,53.650702826474316,3516.205600868689,,19.692716063351828,4.194152808936,45.55468459110046,cruise
35:10:00,21.183906998017868,48.987806898198755,2595.95124863198,0.474692212,17.39131339388696,3.710522620033003,60.40085525648076,cruise
35:11:00,43.07398122009207,41.54226682114573,3616.7832765481157,0.474692212,18.01825196166945,4.814112800233907,39.12807714319401,cruise
35:12:00,43.47120498770665,28.84029576249172,3899.6682536263056,,17.009949733875022,4.513225130986075,42.38492667308584,cruise
35:13:00,41.00870491206473,67.19523216060904,3829.059121676092,0.487878106,23.28365306744365,6.154786625606074,55.93976624100062,cruise
35:14:00,19.822761871643813,64.04467437010689,2621.6722356964588,,14.662976189593627,1.2558164074393172,61.64563383004948,cruise
35:15:00,21.64499405809879,63.51412768162965,2861.5098197071243,,18.514633687093767,3.147676797754551,60.88071539933376,cruise
